reach_id,river_name,node_count,node_id
45241600251,Keshaliya River,32,4.52416E+13
45241600261,Keshaliya River,54,4.52416E+13
45241600271,Keshaliya River,55,4.52416E+13
45241600284,Keshaliya River,2,4.52416E+13
45241600291,Keshaliya River,39,4.52416E+13
45241600306,Keshaliya River,1,4.52416E+13
45241600381,NODATA,11,4.52416E+13
45241600391,Mai Khola,79,4.52416E+13
45241600401,Mai Khola,57,4.52416E+13
45241600414,Mai Khola,2,4.52416E+13
45241600421,Mai Khola,84,4.52416E+13
45241600431,Mai Khola,51,4.52416E+13
45241600441,Mai Khola,90,4.52416E+13
45241600454,Mai Khola,2,4.52416E+13
45241600461,Mai Khola,12,4.52416E+13
45241600476,Mai Khola,1,4.52416E+13
45241600541,Bakra Khola,41,4.52416E+13
45241600551,Bakra Khola,52,4.52416E+13
45241600561,Bakra Khola,52,4.52416E+13
45241600571,Bakra Khola,75,4.52416E+13
45241600586,Bakra Khola,1,4.52416E+13
45241600621,NODATA,25,4.52416E+13
45241600631,NODATA,54,4.52416E+13
45241600641,NODATA,53,4.52416E+13
45241600656,NODATA,1,4.52416E+13
45241600691,NODATA,74,4.52416E+13
45241600706,NODATA,1,4.52416E+13
45241600911,NODATA,19,4.52416E+13
45241600921,NODATA,94,4.52416E+13
45241600931,Ratua Khola River,53,4.52416E+13
45241600941,Ratua Khola River,52,4.52416E+13
45241600956,Ratua Khola River,1,4.52416E+13
45241600991,Mechi River,2,4.52416E+13
45241601001,Mechi River,33,4.52416E+13
45241601011,Mechi River,49,4.52416E+13
45241601021,Mechi River,44,4.52416E+13
45241601031,Mechi River,33,4.52416E+13
45241601041,Mechi River,23,4.52416E+13
45241601056,Mechi River,1,4.52416E+13
45241601061,NODATA,44,4.52416E+13
45241601071,NODATA,58,4.52416E+13
45241601081,NODATA,66,4.52416E+13
45241601096,NODATA,1,4.52416E+13
45241601101,Mawa Khola River,68,4.52416E+13
45241601116,Mawa Khola River,1,4.52416E+13
45241601261,Biring-Tangting,46,4.52416E+13
45241601271,Biring-Tangting,99,4.52416E+13
45241601286,Biring-Tangting,1,4.52416E+13
45242200251,Bagmati,70,4.52422E+13
45242200261,Bagmati,96,4.52422E+13
45242200271,Bagmati,50,4.52422E+13
45242200281,Bagmati,50,4.52422E+13
45242200294,Bagmati,2,4.52422E+13
45242200301,Bagmati,93,4.52422E+13
45242200316,Bagmati,1,4.52422E+13
45242200341,Bakaiya River,9,4.52422E+13
45242200351,Bakaiya River,97,4.52422E+13
45242200361,Bakaiya River,97,4.52422E+13
45242200371,Bakaiya River,96,4.52422E+13
45242200386,Bakaiya River,1,4.52422E+13
45242200391,Bagmati,60,4.52422E+13
45242200406,Bagmati,1,4.52422E+13
45242500111,NODATA,27,4.52425E+13
45242500121,NODATA,44,4.52425E+13
45242500134,NODATA,2,4.52425E+13
45242500141,NODATA,8,4.52425E+13
45242500151,Koshi River,57,4.52425E+13
45242500161,Koshi River,55,4.52425E+13
45242500171,Koshi River,89,4.52425E+13
45242500181,Koshi River,49,4.52425E+13
45242500191,Tamor Nadi,5,4.52425E+13
45242500211,Tamor Nadi,87,4.52425E+13
45242500221,Tamor Nadi,53,4.52425E+13
45242500231,Tamor Nadi,53,4.52425E+13
45242500241,Tamor Nadi,50,4.52425E+13
45242500251,Tamor Nadi,50,4.52425E+13
45242500261,Tamor Nadi,95,4.52425E+13
45242500271,Tamor Nadi,51,4.52425E+13
45242500281,Tamor Nadi,51,4.52425E+13
45242500291,Tamor Nadi,50,4.52425E+13
45242500301,Tamor Nadi,50,4.52425E+13
45242500311,Tamor Nadi,97,4.52425E+13
45242500326,Tamor Nadi,1,4.52425E+13
45242500331,Triyuga,37,4.52425E+13
45242500341,Triyuga,45,4.52425E+13
45242500351,Triyuga,45,4.52425E+13
45242500361,Triyuga,45,4.52425E+13
45242500374,Triyuga,2,4.52425E+13
45242500381,Triyuga,53,4.52425E+13
45242500391,Triyuga,53,4.52425E+13
45242500401,Triyuga,53,4.52425E+13
45242500411,Triyuga,52,4.52425E+13
45242500426,Triyuga,1,4.52425E+13
45242500581,Triyuga,64,4.52425E+13
45242500591,NODATA,64,4.52425E+13
45242500604,NODATA,2,4.52425E+13
45242500611,NODATA,59,4.52425E+13
45242600011,Sun Kosi,85,4.52426E+13
45242600021,Sun Kosi,99,4.52426E+13
45242600031,Sun Kosi,99,4.52426E+13
45242600041,Sun Kosi,99,4.52426E+13
45242600051,Sun Kosi,50,4.52426E+13
45242600061,Sun Kosi,43,4.52426E+13
45242600071,Sun Kosi,43,4.52426E+13
45242600081,Sun Kosi,43,4.52426E+13
45242600091,Dudh Koshi,45,4.52426E+13
45242600111,Maulung Khola,51,4.52426E+13
45242600121,Maulung Khola,70,4.52426E+13
45242600131,Sun Kosi,55,4.52426E+13
45242600141,Sun Kosi,53,4.52426E+13
45242600151,Sun Kosi,53,4.52426E+13
45242600161,Sun Kosi,97,4.52426E+13
45242600171,Sun Kosi,52,4.52426E+13
45242600181,Sun Kosi,52,4.52426E+13
45242600191,Sun Kosi,52,4.52426E+13
45242600201,Sun Kosi,52,4.52426E+13
45242600211,Sun Kosi,52,4.52426E+13
45242600221,Sun Kosi,52,4.52426E+13
45242600231,Sun Kosi,52,4.52426E+13
45242600241,Sun Kosi,51,4.52426E+13
45242600256,Sun Kosi,1,4.52426E+13
45242600261,Dudh Koshi,76,4.52426E+13
45242600271,Dudh Koshi,59,4.52426E+13
45242600281,Dudh Koshi,98,4.52426E+13
45242600291,Dudh Kosi,62,4.52426E+13
45242600301,Hunku Drangka,13,4.52426E+13
45242600311,Dudh Koshi,71,4.52426E+13
45242600321,Dudh Koshi,79,4.52426E+13
45242600331,Dudh Koshi,50,4.52426E+13
45242600341,Dudh Koshi,50,4.52426E+13
45242600351,Dudh Koshi,75,4.52426E+13
45242600366,Dudh Koshi,1,4.52426E+13
45242600371,Imja Khola,67,4.52426E+13
45242600391,Hunku Drangka,52,4.52426E+13
45242600401,Hunku Drangka,59,4.52426E+13
45242600411,Hunku Drangka,73,4.52426E+13
45242600426,Hunku Drangka,1,4.52426E+13
45242600431,Hinku Drangka,57,4.52426E+13
45242600441,Hinku Drangka,56,4.52426E+13
45242600451,Hinku Drangka,55,4.52426E+13
45242600466,Hinku Drangka,1,4.52426E+13
45242600481,Tamakoshi,45,4.52426E+13
45242600491,Tamakoshi,46,4.52426E+13
45242600501,Tamakoshi,45,4.52426E+13
45242600516,Tamakoshi,1,4.52426E+13
45242600521,Likhu Khola,66,4.52426E+13
45242600531,Likhu Khola,56,4.52426E+13
45242600544,Likhu Khola,2,4.52426E+13
45242600551,Likhu Khola,78,4.52426E+13
45242600564,Likhu Khola,2,4.52426E+13
45242600571,Likhu Khola,24,4.52426E+13
45242600586,Likhu Khola,1,4.52426E+13
45242600591,Dudh Kosi,58,4.52426E+13
45242600606,Dudh Kosi,1,4.52426E+13
45242600621,Maulung Khola,63,4.52426E+13
45242600636,Maulung Khola,1,4.52426E+13
45242600646,Imja Khola,1,4.52426E+13
45242700021,Arun River,50,4.52427E+13
45242700031,Arun River,51,4.52427E+13
45242700041,Arun River,51,4.52427E+13
45242700051,Arun River,51,4.52427E+13
45242700061,Arun River,51,4.52427E+13
45242700071,Arun River,51,4.52427E+13
45242700081,Arun River,51,4.52427E+13
45242700091,Arun River,50,4.52427E+13
45242700101,Arun River,63,4.52427E+13
45242700111,Arun River,56,4.52427E+13
45242700121,Arun River,56,4.52427E+13
45242700131,Arun River,56,4.52427E+13
45242700141,Arun River,56,4.52427E+13
45242700151,Arun River,95,4.52427E+13
45242700161,Arun River,33,4.52427E+13
45243600321,Gandak,45,4.52436E+13
45243600334,Gandak,2,4.52436E+13
45243600341,Gandak,63,4.52436E+13
45243600351,Gandak,86,4.52436E+13
45243600371,Gandak,81,4.52436E+13
45243600381,Narayani,69,4.52436E+13
45243600391,Narayani,44,4.52436E+13
45243600401,Narayani,44,4.52436E+13
45243600411,Narayani,45,4.52436E+13
45243600421,Kali Gandaki River,92,4.52436E+13
45243600431,Kali Gandaki River,53,4.52436E+13
45243600441,Kali Gandaki River,53,4.52436E+13
45243600451,Kali Gandaki River,100,4.52436E+13
45243600461,Kali Gandaki River,93,4.52436E+13
45243600471,Kali Gandaki River,59,4.52436E+13
45243600481,Kali Gandaki River,100,4.52436E+13
45243600491,Kali Gandaki River,62,4.52436E+13
45243600501,Kali Gandaki River,61,4.52436E+13
45243600511,Kali Gandaki River,87,4.52436E+13
45243600521,Kali Gandaki River,97,4.52436E+13
45243600531,Kali Gandaki River,65,4.52436E+13
45243600544,Kali Gandaki River,2,4.52436E+13
45243600563,Kali Gandaki River,29,4.52436E+13
45243600571,Kali Gandaki River,92,4.52436E+13
45243600581,Kali Gandaki River,98,4.52436E+13
45243600591,Kali Gandaki River,81,4.52436E+13
45243600611,Kali Gandaki,93,4.52436E+13
45243600621,Kali Gandaki,93,4.52436E+13
45243600631,Kali Gandaki,93,4.52436E+13
45243600641,Kali Gandaki,42,4.52436E+13
45243600651,Kali Gandaki,42,4.52436E+13
45243600661,Kali Gandaki,42,4.52436E+13
45243600671,Kali Gandaki,92,4.52436E+13
45243600686,Kali Gandaki,1,4.52436E+13
45243600691,Kali Gandaki River,56,4.52436E+13
45243600701,Kali Gandaki River,56,4.52436E+13
45243600711,Kali Gandaki River,95,4.52436E+13
45243600721,Bari Gad,80,4.52436E+13
45243600731,Bari Gad,56,4.52436E+13
45243600741,Bari Gad,55,4.52436E+13
45243600756,Bari Gad,1,4.52436E+13
45243600761,NODATA,92,4.52436E+13
45243600771,Trisuli,75,4.52436E+13
45243600791,Marsyangdi,75,4.52436E+13
45243600804,Marsyangdi,2,4.52436E+13
45243600811,Marsyangdi,45,4.52436E+13
45243600821,Marsyangdi,45,4.52436E+13
45243600831,Marsyangdi,45,4.52436E+13
45243600841,Marsyangdi,99,4.52436E+13
45243600854,Marsyangdi,2,4.52436E+13
45243600863,Marsyangdi,11,4.52436E+13
45243600871,Marsyangdi,89,4.52436E+13
45243600884,Marsyangdi,2,4.52436E+13
45243600891,Marsyangdi,68,4.52436E+13
45243600901,Marsyangdi,62,4.52436E+13
45243600921,Marsyangdi,73,4.52436E+13
45243600931,Marsyangdi,49,4.52436E+13
45243600941,Marsyangdi,52,4.52436E+13
45243600951,Marsyangdi,47,4.52436E+13
45243600961,Marsyangdi,8,4.52436E+13
45243600971,Marsyangdi,37,4.52436E+13
45243600981,Marsyangdi,10,4.52436E+13
45243600991,Marsyangdi,3,4.52436E+13
45243601011,Marsyangdi,32,4.52436E+13
45243601026,Marsyangdi,1,4.52436E+13
45243601031,NODATA,57,4.52436E+13
45243601041,NODATA,57,4.52436E+13
45243601061,NODATA,56,4.52436E+13
45243601071,Trishuli Ganga River,74,4.52436E+13
45243601081,Trishuli Ganga River,73,4.52436E+13
45243601091,Trishuli Ganga River,50,4.52436E+13
45243601101,Trishuli Ganga River,50,4.52436E+13
45243601114,Trishuli Ganga River,2,4.52436E+13
45243601121,Trishuli Ganga River,54,4.52436E+13
45243601134,Trishuli Ganga River,2,4.52436E+13
45243601141,Trishuli Ganga River,66,4.52436E+13
45243601154,Trishuli Ganga River,2,4.52436E+13
45243601161,Trishuli Ganga River,49,4.52436E+13
45243601171,Trishuli Ganga River,49,4.52436E+13
45243601181,Trishuli Ganga River,49,4.52436E+13
45243601191,Trishuli Ganga River,16,4.52436E+13
45243601211,Budhi Gandaki,97,4.52436E+13
45243601221,Budhi Gandaki,51,4.52436E+13
45243601241,Budhi Gandaki,2,4.52436E+13
45243601251,Budhi Gandaki,83,4.52436E+13
45243601261,Budhi Gandaki,79,4.52436E+13
45243601271,Budhi Gandaki,53,4.52436E+13
45243601281,Budhi Gandaki,53,4.52436E+13
45243601291,Budhi Gandaki,90,4.52436E+13
45243601306,Budhi Gandaki,1,4.52436E+13
45243601321,Seti Khola,73,4.52436E+13
45243601331,Seti Khola,53,4.52436E+13
45243601341,Seti Khola,31,4.52436E+13
45243601351,Seti Khola,22,4.52436E+13
45243601361,Madi Khola,51,4.52436E+13
45243601371,Madi Khola,51,4.52436E+13
45243601381,Madi Khola,51,4.52436E+13
45243601391,Madi Khola,51,4.52436E+13
45243601401,Madi Khola,51,4.52436E+13
45243601414,Madi Khola,2,4.52436E+13
45243601421,Madi Khola,48,4.52436E+13
45243601434,Madi Khola,2,4.52436E+13
45243601441,Madi Khola,45,4.52436E+13
45243601456,Madi Khola,1,4.52436E+13
45243601461,NODATA,3,4.52436E+13
45243601471,NODATA,46,4.52436E+13
45243601481,NODATA,46,4.52436E+13
45243601491,NODATA,46,4.52436E+13
45243601501,NODATA,3,4.52436E+13
45243601511,NODATA,30,4.52436E+13
45243601521,NODATA,3,4.52436E+13
45243601531,NODATA,4,4.52436E+13
45243601554,NODATA,1,4.52436E+13
45243601561,NODATA,44,4.52436E+13
45243601571,NODATA,44,4.52436E+13
45243601581,NODATA,43,4.52436E+13
45243601591,East Rapti River,16,4.52436E+13
45243601601,East Rapti River,96,4.52436E+13
45243601611,East Rapti River,58,4.52436E+13
45243601621,East Rapti River,51,4.52436E+13
45243601631,East Rapti River,98,4.52436E+13
45243601641,East Rapti River,54,4.52436E+13
45243601651,East Rapti River,54,4.52436E+13
45243601661,East Rapti River,59,4.52436E+13
45243601671,East Rapti River,60,4.52436E+13
45243601684,East Rapti River,2,4.52436E+13
45243601701,East Rapti River,12,4.52436E+13
45243601716,East Rapti River,1,4.52436E+13
45243601721,Reu,78,4.52436E+13
45243601731,Reu,83,4.52436E+13
45243601746,Reu,1,4.52436E+13
45243602056,Kali Gandaki River,1,4.52436E+13
45243602066,NODATA,1,4.52436E+13
45244200531,Rapti,28,4.52442E+13
45244200551,Rapti,90,4.52442E+13
45244200561,Rapti,55,4.52442E+13
45244200571,Rapti,50,4.52442E+13
45244200584,Rapti,2,4.52442E+13
45244200591,Rapti,86,4.52442E+13
45244200601,Rapti,38,4.52442E+13
45244200611,Rapti,55,4.52442E+13
45244200621,Rapti,55,4.52442E+13
45244200631,Rapti,84,4.52442E+13
45244200641,Rapti,86,4.52442E+13
45244200651,Rapti,97,4.52442E+13
45244200661,Rapti,97,4.52442E+13
45244200671,Rapti,96,4.52442E+13
45244200681,Rapti,96,4.52442E+13
45244200701,Rapti,51,4.52442E+13
45244200711,Rapti,51,4.52442E+13
45244200721,Rapti,51,4.52442E+13
45244200731,Rapti,50,4.52442E+13
45244200746,Rapti,1,4.52442E+13
45244200851,Banganga,54,4.52442E+13
45244200861,Banganga,92,4.52442E+13
45244200871,Banganga,62,4.52442E+13
45244200884,Banganga,2,4.52442E+13
45244200891,Banganga,59,4.52442E+13
45244200904,Banganga,2,4.52442E+13
45244200911,Banganga,34,4.52442E+13
45244200926,Banganga,1,4.52442E+13
45244200971,Tinau River,64,4.52442E+13
45244200981,Tinau River,55,4.52442E+13
45244200991,Tinau River,56,4.52442E+13
45244201001,Tinau River,56,4.52442E+13
45244201021,Tinau River,55,4.52442E+13
45244201034,Tinau River,2,4.52442E+13
45244201044,Tinau River,1,4.52442E+13
45244201054,Tinau River,1,4.52442E+13
45244201061,Tinau River,15,4.52442E+13
45244201074,Tinau River,2,4.52442E+13
45244201081,Tinau River,9,4.52442E+13
45244201094,Tinau River,3,4.52442E+13
45244201106,Tinau River,1,4.52442E+13
45244201291,NODATA,49,4.52442E+13
45244201301,Dano River,49,4.52442E+13
45244201311,Dano River,49,4.52442E+13
45244201321,Dano River; Tinau River,98,4.52442E+13
45244201334,Tinau River,2,4.52442E+13
45244201344,Tinau River,4,4.52442E+13
45244300441,Bhada River,24,4.52443E+13
45244300451,Bhada River,61,4.52443E+13
45244300461,Bhada River,61,4.52443E+13
45244300471,Bhada River,58,4.52443E+13
45244300481,Bhada River,54,4.52443E+13
45244300494,Bhada River,2,4.52443E+13
45244300501,Bhada River,45,4.52443E+13
45244300511,Bhada River,45,4.52443E+13
45244300521,Bhada River,45,4.52443E+13
45244300531,Bhada River,92,4.52443E+13
45244300541,Bhada River,78,4.52443E+13
45244300554,Bhada River,2,4.52443E+13
45244300561,Bhada River,68,4.52443E+13
45244300571,Babai Khola,56,4.52443E+13
45244300581,Babai Khola,99,4.52443E+13
45244300591,Babai Khola,99,4.52443E+13
45244300601,Babai Khola,50,4.52443E+13
45244300611,Babai Khola,49,4.52443E+13
45244300621,Babai Khola,49,4.52443E+13
45244300634,Babai Khola,2,4.52443E+13
45244300651,Babai Khola,24,4.52443E+13
45244300666,Babai Khola,1,4.52443E+13
45244300671,Sarda Khola,42,4.52443E+13
45244300681,Sarda Khola,42,4.52443E+13
45244300691,Sarda Khola,42,4.52443E+13
45244300704,Sarda Khola,2,4.52443E+13
45244300711,Sarda Khola,11,4.52443E+13
45244300724,Sarda Khola,2,4.52443E+13
45244300731,Sarda Khola,40,4.52443E+13
45244300744,Sarda Khola,2,4.52443E+13
45244300751,Sarda Khola,24,4.52443E+13
45244300764,Sarda Khola,2,4.52443E+13
45244300771,Sarda Khola,46,4.52443E+13
45244300786,Sarda Khola,1,4.52443E+13
45244300801,Man Khola,11,4.52443E+13
45244300811,Man Khola,45,4.52443E+13
45244300821,Man Khola,45,4.52443E+13
45244300831,Man Khola,45,4.52443E+13
45244300841,Man Khola,77,4.52443E+13
45244300856,Man Khola,1,4.52443E+13
45244300861,Man Khola,73,4.52443E+13
45244300876,Man Khola,1,4.52443E+13
45244400181,Mahakali River,1,4.52444E+13
45244400201,Mahakali River,89,4.52444E+13
45244400271,Mahakali River,6,4.52444E+13
45244400281,Mahakali River,38,4.52444E+13
45244400291,Mahakali River,7,4.52444E+13
45244400301,Mahakali River,27,4.52444E+13
45244400311,Mahakali River,3,4.52444E+13
45244400331,Mahakali River,2,4.52444E+13
45244400351,Mahakali River,33,4.52444E+13
45244400361,Mahakali River,18,4.52444E+13
45244400371,Mahakali River,18,4.52444E+13
45244400391,Chamaliya,3,4.52444E+13
45244400401,Chamaliya,3,4.52444E+13
45244400421,Mahakali River,43,4.52444E+13
45244400431,Mahakali River,11,4.52444E+13
45244400511,Mahakali River,27,4.52444E+13
45244400521,Mahakali River,14,4.52444E+13
45244400531,Mahakali River,13,4.52444E+13
45244400541,Mahakali River,4,4.52444E+13
45244400751,Chamaliya,82,4.52444E+13
45244400761,Chamaliya,51,4.52444E+13
45244400771,Chamaliya,51,4.52444E+13
45244400784,Chamaliya,2,4.52444E+13
45244400791,Chamaliya,95,4.52444E+13
45244400806,Chamaliya,1,4.52444E+13
45244400811,Chaundhar Nadi,61,4.52444E+13
45244400821,Chaundhar Nadi,92,4.52444E+13
45244400836,Chaundhar Nadi,1,4.52444E+13
45244401121,Mahakali River,46,4.52444E+13
45244500121,Budi Kulo,51,4.52445E+13
45244500134,Budi Kulo,2,4.52445E+13
45244500141,Budi Kulo,14,4.52445E+13
45244500154,Budi Kulo,2,4.52445E+13
45244500161,Budi Kulo,22,4.52445E+13
45244500174,Budi Kulo,2,4.52445E+13
45244500181,Budi Kulo,6,4.52445E+13
45244500194,Budi Kulo,2,4.52445E+13
45244500201,Budi Kulo,21,4.52445E+13
45244500214,Budi Kulo,2,4.52445E+13
45244500221,Budi Kulo,34,4.52445E+13
45244500234,Budi Kulo,2,4.52445E+13
45244500241,Budi Kulo,8,4.52445E+13
45244500251,Budi Kulo,17,4.52445E+13
45244500261,Budi Kulo,78,4.52445E+13
45244500391,Suheli,3,4.52445E+13
45244500401,Suheli,53,4.52445E+13
45244500411,Suheli,54,4.52445E+13
45244500421,Suheli,54,4.52445E+13
45244500431,NODATA,59,4.52445E+13
45244500441,NODATA,58,4.52445E+13
45244500456,NODATA,1,4.52445E+13
45244500461,Syali Nadi,55,4.52445E+13
45244500471,Syali Nadi,53,4.52445E+13
45244500486,Syali Nadi,1,4.52445E+13
45244500501,Budi Kulo,17,4.52445E+13
45244500511,Kulariya Khola,5,4.52445E+13
45244500521,Mohana,18,4.52445E+13
45244500531,Mohana,13,4.52445E+13
45244500541,Mohana,13,4.52445E+13
45244500551,Mohana,38,4.52445E+13
45244500561,Mohana,57,4.52445E+13
45244500571,Mohana,25,4.52445E+13
45244500591,Mohana,27,4.52445E+13
45244500601,Mohana,94,4.52445E+13
45244500616,Mohana,1,4.52445E+13
45244500621,Khutia Nadi,57,4.52445E+13
45244500631,NODATA,97,4.52445E+13
45244500646,NODATA,1,4.52445E+13
45244500651,Khutia Nadi,87,4.52445E+13
45244500666,Khutia Nadi,1,4.52445E+13
45244500671,Likma River,70,4.52445E+13
45244500684,Likma River,2,4.52445E+13
45244500691,Likma River,25,4.52445E+13
45244500704,Likma River,2,4.52445E+13
45244500711,Likma River,97,4.52445E+13
45244500726,Likma River,1,4.52445E+13
45244500731,Kandra,52,4.52445E+13
45244500741,Kandra,52,4.52445E+13
45244500751,Kandra,52,4.52445E+13
45244500761,Kandra,51,4.52445E+13
45244500771,Kandra,52,4.52445E+13
45244500781,Kandra,51,4.52445E+13
45244500796,Kandra,1,4.52445E+13
45244500801,Kulariya Khola,2,4.52445E+13
45244500821,Kada Khola,50,4.52445E+13
45244500834,Kada Khola,2,4.52445E+13
45244500841,Kada Khola,94,4.52445E+13
45244500851,Kada Khola,57,4.52445E+13
45244500866,Kada Khola,1,4.52445E+13
45244500871,NODATA,35,4.52445E+13
45244500891,NODATA,65,4.52445E+13
45244500904,NODATA,2,4.52445E+13
45244500911,NODATA,46,4.52445E+13
45244500924,NODATA,2,4.52445E+13
45244500931,NODATA,50,4.52445E+13
45244500946,NODATA,1,4.52445E+13
45244500951,NODATA,9,4.52445E+13
45244500961,NODATA,61,4.52445E+13
45244500971,NODATA,67,4.52445E+13
45244500984,NODATA,2,4.52445E+13
45244500994,NODATA,2,4.52445E+13
45244501001,NODATA,8,4.52445E+13
45244501016,NODATA,1,4.52445E+13
45244501081,NODATA,71,4.52445E+13
45244501101,Ghaghara River,44,4.52445E+13
45244501111,NODATA,97,4.52445E+13
45244501121,NODATA,1,4.52445E+13
45244501131,Jamara,87,4.52445E+13
45244501141,Ghaghara River,45,4.52445E+13
45244501151,Jamara,73,4.52445E+13
45244501161,Ghaghara River,45,4.52445E+13
45244600011,Bheri River,71,4.52446E+13
45244600021,Bheri River,53,4.52446E+13
45244600031,Bheri River,53,4.52446E+13
45244600041,Bheri River,53,4.52446E+13
45244600051,Bheri River,55,4.52446E+13
45244600061,Bheri River,55,4.52446E+13
45244600071,Bheri River,55,4.52446E+13
45244600081,Bheri River,55,4.52446E+13
45244600091,Bheri River,68,4.52446E+13
45244600101,Bheri River,55,4.52446E+13
45244600111,Bheri River,57,4.52446E+13
45244600121,Bheri River,50,4.52446E+13
45244600131,Bheri River,50,4.52446E+13
45244600141,Bheri River,50,4.52446E+13
45244600151,Bheri River,50,4.52446E+13
45244600161,Bheri River,50,4.52446E+13
45244600171,Bheri River,85,4.52446E+13
45244600181,NODATA,100,4.52446E+13
45244600191,NODATA,61,4.52446E+13
45244600201,NODATA,61,4.52446E+13
45244600221,NODATA,79,4.52446E+13
45244600236,NODATA,1,4.52446E+13
45244600251,Bheri,46,4.52446E+13
45244600261,Bheri,47,4.52446E+13
45244600271,Bheri,47,4.52446E+13
45244600281,Bheri,92,4.52446E+13
45244600291,Bheri,50,4.52446E+13
45244600306,Bheri,1,4.52446E+13
45244700011,Ghaghara River,47,4.52447E+13
45244700021,Ghaghara River,47,4.52447E+13
45244700031,Ghaghara River,47,4.52447E+13
45244700041,Ghaghara River,55,4.52447E+13
45244700051,Ghaghara River,54,4.52447E+13
45244700061,Ghaghara River,54,4.52447E+13
45244700081,Ghaghara River,74,4.52447E+13
45244700091,Thuli Gad,74,4.52447E+13
45244700111,Thuli Gad,55,4.52447E+13
45244700126,Thuli Gad,1,4.52447E+13
45244800011,Seti Nadi,75,4.52448E+13
45244800021,Seti Nadi,74,4.52448E+13
45244800031,Seti Nadi,55,4.52448E+13
45244800041,Seti Nadi,55,4.52448E+13
45244800054,Seti Nadi,2,4.52448E+13
45244800061,Seti Nadi,61,4.52448E+13
45244800071,Seti Nadi,55,4.52448E+13
45244800081,Seti Nadi,54,4.52448E+13
45244800091,Seti Nadi,54,4.52448E+13
45244800101,Seti Nadi,61,4.52448E+13
45244800111,Seti Nadi,80,4.52448E+13
45244800121,Seti Nadi,50,4.52448E+13
45244800131,Seti Nadi,50,4.52448E+13
45244800141,Seti Nadi,50,4.52448E+13
45244800151,Seti Nadi,49,4.52448E+13
45244800166,Seti Nadi,1,4.52448E+13
45244900011,Ghaghara River,86,4.52449E+13
45244900021,Ghaghara River,50,4.52449E+13
45244900031,Ghaghara River,50,4.52449E+13
45244900041,Ghaghara River,98,4.52449E+13
45244900051,Ghaghara River,51,4.52449E+13
45244900061,Ghaghara River,51,4.52449E+13
45244900071,Ghaghara River,50,4.52449E+13
45244900081,Ghaghara River,93,4.52449E+13
45244900091,Ghaghara River,47,4.52449E+13
45244900101,Ghaghara River,47,4.52449E+13
45244900111,Ghaghara River,47,4.52449E+13
45244900131,Ghaghara River,52,4.52449E+13
45244900141,Ghaghara River,51,4.52449E+13
45244900151,Ghaghara River,51,4.52449E+13
45244900161,Ghaghara River,51,4.52449E+13
45244900171,Ghaghara River,51,4.52449E+13
45244900181,Ghaghara River,51,4.52449E+13
45244900191,Ghaghara River,51,4.52449E+13
45244900201,Ghaghara River,51,4.52449E+13
45244900211,Ghaghara River,58,4.52449E+13
45244900221,Ghaghara River,58,4.52449E+13
45244900231,Ghaghara River,43,4.52449E+13
45244900241,Ghaghara River,43,4.52449E+13
45244900251,Ghaghara River,43,4.52449E+13
45244900261,Ghaghara River,94,4.52449E+13
45244900271,Ghaghara River,95,4.52449E+13
45244900286,Ghaghara River,1,4.52449E+13
45244900291,Mugu karnali Nadi,100,4.52449E+13
45244900301,Mugu karnali Nadi,83,4.52449E+13
45244900321,Mugu karnali Nadi,61,4.52449E+13
45244900336,Mugu karnali Nadi,1,4.52449E+13
45244900341,Tila Nadi,90,4.52449E+13
45244900361,Tila Nadi,54,4.52449E+13
45244900376,Tila Nadi,1,4.52449E+13
